{
    "jobs": [
        {
            "name": "reminderemailprescheduledtime",
            "schedule": "*/3 * * * ? *",
            "command": "/usr/bin/php -q /srv/1851-yii/console/yii publishscheduledarticles/reminderemailprescheduledtime > /dev/null 2>&1"
        },
        {
            "name": "reminderemailpostscheduledtime",
            "schedule": "*/3 * * * ? *",
            "command": "/usr/bin/php -q /srv/1851-yii/console/yii publishscheduledarticles/reminderemailpostscheduledtime > /dev/null 2>&1"
        },
        {
            "name": "scheduled-articles",
            "schedule": "*/3 * * * ? *",
            "command": "/usr/bin/php -q /srv/1851-yii/console/yii scheduled-articles/index"
        },
        {
            "name": "google-analytics4",
            "schedule": "*/3 * * * ? *",
            "command": "/usr/bin/php -q /srv/1851-yii/console/yii google-analytics4/location"
        },
        {
            "name": "youtube-how-to-watch",
            "schedule": "*/3 * * * ? *",
            "command": "/usr/bin/php -q /srv/1851-yii/console/yii youtube/how-to-watch"
        }
    ]
}
